Navn,Latitude,Longitude,Beskrivelse
Kaladakia,37.7034,26.7315,VALG A. Stille vik med havgrotte du kan svømme inn i (5 min ut mot venstre) og klipper å hoppe fra. 850 m sementvei + 250 m til fots. Sørvendt. Badesko.
Marathokampos landsby,37.7280,26.6960,"VALG A. Herfra går 5,1 km REN ASFALT opp til hulen. IKKE ta grusveien fra Votsalakia — løs stein, og forsikringen gjelder ikke."
Pythagoras-hulen / Panagia Sarantaskaliotissa,37.7278,26.6588,"VALG A. Gå 17:00. Kapell bygget inn i hulemunn, førti trinn hogd i berget ca. år 900. Hulen der Pythagoras skal ha skjult seg for Polykrates. Gratis, ingen port. 25–40 min bratt opp, 300–350 trinn. TO LITER VANN HVER — ingen skygge, ingen kilde. Ned 18:30."
Potami-fossene,37.7900,26.6720,"VALG B. Rute 2: 4 km / 284 m / 1t30, platanskygget elveseng med trebruer. Du vasser og svømmer siste 5–10 min opp til en 5 m foss. Badetøy under klærne — ingen oppbevaring."
Megalo Seitani,37.7930,26.6320,"VALG B. Rute 1: 3,8 km til fots fra Potami. Øyas fineste strand, sedertrær gir ekte skygge, DRIKKEVANNSKILDE i østenden. Yngleplass for munkesel — hold avstand."
Moni Megali Panagia,37.7170,26.8290,"VALG C. Grunnlagt 1586. Freskoer fra 1500-tallet og forgylt ikonostas — beste interiør på øya, nesten aldri folk. Gratis. STENGT TIRSDAG og 13:00–17:00. Avkjørselen er nesten usynlig fra veien — følg GPS. Dekk knærne."
Pagondas,37.7050,26.8480,"VALG C. Stort skyggefullt torg under platan- og morbærtrær, gamle vinkooperativbygg."
Koumaradei,37.7180,26.8300,VALG C. Landsby ved Megali Panagia. Eneste bensinstasjon på hele den indre ruta Pythagorion–Marathokampos.
Pyrgos — Taverna Tasos,37.7150,26.8100,"VALG C. 750 moh, arbeidende jordbrukslandsby. Vedovn, hjemmebakt brød, egne grønnsaker, egen honning og raki. Lite sted — ring +30 2273 041550."
